{
  "2012-01": 6.234949110730185,
  "2012-02": 5.2327342338462595,
  "2012-03": 4.958307975702499,
  "2012-04": 4.980866314073925,
  "2012-05": 5.042617526977678,
  "2012-06": 5.967470396375956,
  "2012-07": 7.792521248320498,
  "2012-08": 10.923611035541764,
  "2012-09": 11.41232585152871,
  "2012-10": 11.623722499758541,
  "2012-11": 11.332316984429418,
  "2012-12": 13.152245008498273,
  "2013-01": 15.311496408739869,
  "2013-02": 25.803891188048983,
  "2013-03": 57.0521247531452,
  "2013-04": 127.44740014518952,
  "2013-05": 117.77537766336307,
  "2013-06": 105.51173019915487,
  "2013-07": 85.43469682770503,
  "2013-08": 103.41296905548889,
  "2013-09": 124.84986739479814,
  "2013-10": 152.7191270779157,
  "2013-11": 527.9646645135326,
  "2013-12": 794.3961102311084,
  "2014-01": 819.0045274809869,
  "2014-02": 664.2766335617035,
  "2014-03": 594.6266570064308,
  "2014-04": 462.55699859230805,
  "2014-05": 485.5461156361267,
  "2014-06": 613.1004681844607,
  "2014-07": 618.6102294729346,
  "2014-08": 537.2959484017488,
  "2014-09": 445.1787694250584,
  "2014-10": 363.975195694624,
  "2014-11": 366.11550884985087,
  "2014-12": 342.7381074673848,
  "2015-01": 245.90844672153162,
  "2015-02": 234.07062025238642,
  "2015-03": 268.41094876129256,
  "2015-04": 234.7066295892274,
  "2015-05": 236.60217692468754,
  "2015-06": 236.88882537349693,
  "2015-07": 279.26365705673925,
  "2015-08": 252.66300298864357,
  "2015-09": 233.52765483350942,
  "2015-10": 264.67429761541297,
  "2015-11": 348.37287409653186,
  "2015-12": 422.4996182724463,
  "2016-01": 411.08571672823587,
  "2016-02": 401.8637724568032,
  "2016-03": 415.22369923641344,
  "2016-04": 433.1439889651864,
  "2016-05": 459.90201350122777,
  "2016-06": 638.2916879658313,
  "2016-07": 660.5331736401068,
  "2016-08": 578.4277707291537,
  "2016-09": 602.8389412354658,
  "2016-10": 638.9048297681456,
  "2016-11": 723.2217759301456,
  "2016-12": 820.0562028784154,
  "2017-01": 909.0338788219314,
  "2017-02": 1059.6244334762275,
  "2017-03": 1131.8914016347976,
  "2017-04": 1208.2018142095283,
  "2017-05": 1877.5631228195948,
  "2017-06": 2619.6004346033546,
  "2017-07": 2494.6309739849457,
  "2017-08": 3827.6240634817436,
  "2017-09": 4084.6936857828014,
  "2017-10": 5283.855989615605,
  "2017-11": 7755.046356146434,
  "2017-12": 14840.370581076375,
  "2018-01": 12893.449406623446,
  "2018-02": 9389.711654988998,
  "2018-03": 9025.692916218119,
  "2018-04": 7983.605096681939,
  "2018-05": 8438.863063242026,
  "2018-06": 6784.279614226831,
  "2018-07": 7097.209566480597,
  "2018-08": 6689.449425724835,
  "2018-09": 6589.396239621773,
  "2018-10": 6415.127929125973,
  "2018-11": 5388.904282010079,
  "2018-12": 3670.6403517861095,
  "2019-01": 3658.5632290356803,
  "2019-02": 3648.339476322903,
  "2019-03": 3918.3650457358754,
  "2019-04": 5138.997776288963,
  "2019-05": 7228.675751112861,
  "2019-06": 9358.37074881566,
  "2019-07": 10667.295974215494,
  "2019-08": 10613.937361695136,
  "2019-09": 9791.500383617431,
  "2019-10": 8367.999615685187,
  "2019-11": 8342.772452075564,
  "2019-12": 7241.285043494704
}
