{
  "2011/12": 4.472578937498223,
  "2012/1": 6.234949110730185,
  "2012/2": 5.2327342338462595,
  "2012/3": 4.958307975702499,
  "2012/4": 4.980866314073925,
  "2012/5": 5.042617526977678,
  "2012/6": 5.967470396375956,
  "2012/7": 7.792521248320498,
  "2012/8": 10.923611035541764,
  "2012/9": 11.41232585152871,
  "2012/10": 11.623722499758541,
  "2012/11": 11.332316984429418,
  "2012/12": 13.152245008498273,
  "2013/1": 15.311496408739869,
  "2013/2": 25.803891188048983,
  "2013/3": 57.0521247531452,
  "2013/4": 127.44740014518952,
  "2013/5": 117.77537766336307,
  "2013/6": 105.51173019915487,
  "2013/7": 85.43469682770503,
  "2013/8": 103.41296905548889,
  "2013/9": 124.84986739479814,
  "2013/10": 152.7191270779157,
  "2013/11": 527.9646645135326,
  "2013/12": 794.3961102311084,
  "2014/1": 819.0045274809869,
  "2014/2": 664.2766335617035,
  "2014/3": 594.6266570064308,
  "2014/4": 462.55699859230805,
  "2014/5": 485.5461156361267,
  "2014/6": 613.1004681844607,
  "2014/7": 618.6102294729346,
  "2014/8": 537.2959484017488,
  "2014/9": 445.1787694250584,
  "2014/10": 363.975195694624,
  "2014/11": 366.11550884985087,
  "2014/12": 342.7381074673848,
  "2015/1": 245.90844672153162,
  "2015/2": 234.07062025238642,
  "2015/3": 268.41094876129256,
  "2015/4": 234.7066295892274,
  "2015/5": 236.60217692468754,
  "2015/6": 236.88882537349693,
  "2015/7": 279.26365705673925,
  "2015/8": 252.66300298864357,
  "2015/9": 233.52765483350942,
  "2015/10": 264.67429761541297,
  "2015/11": 348.37287409653186,
  "2015/12": 422.4996182724463,
  "2016/1": 411.08571672823587,
  "2016/2": 401.8637724568032,
  "2016/3": 415.22369923641344,
  "2016/4": 433.1439889651864,
  "2016/5": 459.90201350122777,
  "2016/6": 638.2916879658313,
  "2016/7": 660.5331736401068,
  "2016/8": 578.4277707291537,
  "2016/9": 602.8389412354658,
  "2016/10": 638.9048297681456,
  "2016/11": 723.2217759301456,
  "2016/12": 820.0562028784154,
  "2017/1": 909.0338788219314,
  "2017/2": 1059.6244334762275,
  "2017/3": 1131.8914016347976,
  "2017/4": 1208.2018142095283,
  "2017/5": 1877.5631228195948,
  "2017/6": 2619.6004346033546,
  "2017/7": 2494.6309739849457,
  "2017/8": 3827.6240634817436,
  "2017/9": 4084.6936857828014,
  "2017/10": 5283.855989615605,
  "2017/11": 7755.046356146434,
  "2017/12": 14840.370581076375,
  "2018/1": 12893.449406623446,
  "2018/2": 9389.711654988998,
  "2018/3": 9025.692916218119,
  "2018/4": 7983.605096681939,
  "2018/5": 8438.863063242026,
  "2018/6": 6784.279614226831,
  "2018/7": 7097.209566480597,
  "2018/8": 6689.449425724835,
  "2018/9": 6589.396239621773,
  "2018/10": 6415.127929125973,
  "2018/11": 5388.904282010079,
  "2018/12": 3670.6403517861095,
  "2019/1": 3658.5632290356803,
  "2019/2": 3648.339476322903,
  "2019/3": 3918.3650457358754,
  "2019/4": 5138.997776288963,
  "2019/5": 7228.675751112861,
  "2019/6": 9358.37074881566,
  "2019/7": 10667.295974215494,
  "2019/8": 10613.937361695136,
  "2019/9": 9791.500383617431,
  "2019/10": 8367.999615685187,
  "2019/11": 8342.772452075564,
  "2019/12": 7241.285043494704,
  "2020/1": 8321.706195242294,
  "2020/2": 9647.4102042032,
  "2020/3": 6929.4107731617305,
  "2020/4": 7181.283024431288,
  "2020/5": 9236.302420820644,
  "2020/6": 9459.86861851094,
  "2020/7": 9545.362814824504,
  "2020/8": 11636.917109616743,
  "2020/9": 10655.380173914771,
  "2020/10": 11837.22307873472,
  "2020/11": 16530.391024299137,
  "2020/12": 21810.905981543827,
  "2021/1": 34551.6752970058,
  "2021/2": 46074.812880362864,
  "2021/3": 54500.63105138267
}
