{
  "2012-01": 0.2642880621422734,
	"2012-02": 0.26930714285714297,
	"2012-03": 0.21887574370709395,
	"2012-04": 0.23752624653739607,
	"2012-05": 0.3101556818181818,
	"2012-06": 0.3042462430939232,
	"2012-07": 0.2986832458619299,
	"2012-08": 0.2559664584146818,
	"2012-09": 0.25696958174904944,
	"2012-10": 0.28942653876898444,
	"2012-11": 0.2860734458940899,
	"2012-12": 0.27351099265576867,
	"2013-01": 0.2672793315310891,
	"2013-02": 0.29364728885557273,
	"2013-03": 0.28003200883002316,
	"2013-04": 0.2548921388319651,
	"2013-05": 0.25783262483311153,
	"2013-06": 0.25547745391131027,
	"2013-07": 0.25248286661753916,
	"2013-08": 0.24006316450088547,
	"2013-09": 0.2827613290054993,
	"2013-10": 0.2593751051995193,
	"2013-11": 0.2747182412401314,
	"2013-12": 0.25028467211594535,
	"2014-01": 0.2773462362330069,
	"2014-02": 0.2033535181026965,
	"2014-03": 0.2256858931044923,
	"2014-04": 0.23273076611576787,
	"2014-05": 0.24436060592569236,
	"2014-06": 0.23144671120635518,
	"2014-07": 0.2408862633416726,
	"2014-08": 0.23383746814188802,
	"2014-09": 0.2832065459552732,
	"2014-10": 0.21788378999808858,
	"2014-11": 0.15357640246693302,
	"2014-12": 0.22975999747883297,
	"2015-01": 0.2088157232285579,
	"2015-02": 0.22309659032109255,
	"2015-03": 0.2204381622128504,
	"2015-04": 0.2334919832368586,
	"2015-05": 0.22666224058538217,
	"2015-06": 0.2037217658951708,
	"2015-07": 0.21787314465409136,
	"2015-08": 0.18704624911635973,
	"2015-09": 0.21720941153002335,
	"2015-10": 0.24061765993474754,
	"2015-11": 0.21510053850296434,
	"2015-12": 0.22240750213598867,
	"2016-01": 0.19208673208297403,
	"2016-02": 0.22256596346881855,
	"2016-03": -0.10246733397450276,
	"2016-04": 0.228210784139404,
	"2016-05": 0.2022388078350681,
	"2016-06": 0.19204429019682662,
	"2016-07": 0.20057483946500335,
	"2016-08": 0.17408062036055325,
	"2016-09": 0.22167251239039337,
	"2016-10": 0.1990637276615252,
	"2016-11": 0.19570729993891292,
	"2016-12": 0.20930787061212808,
	"2017-01": 0.20559757986212482,
	"2017-02": 0.1927452812451051,
	"2017-03": 0.1599120939389672,
	"2017-04": 0.1789395852592146,
	"2017-05": 0.19704290027554705,
	"2017-06": 0.21213571103215892,
	"2017-07": 0.1858351829634083,
	"2017-08": 0.19744133284089588,
	"2017-09": 0.19588838770474848,
	"2017-10": 0.20157324292003567,
	"2017-11": 0.20664865127490895,
	"2017-12": 0.20778687661627535,
	"2018-01": 0.21495460958810836,
	"2018-02": 0.18975973785064557,
	"2018-03": 0.19372121785594476,
	"2018-04": 0.18533248850114467,
	"2018-05": 0.19805419088978676,
	"2018-06": 0.20504836050619354,
	"2018-07": 0.20722423170664758,
	"2018-08": 0.1738613578490792,
	"2018-09": 0.18015969275464694,
	"2018-10": 0.1961293380776003,
	"2018-11": 0.15605987786735162,
	"2018-12": 0.17602790756433445,
	"2019-01": 0.19297150991743933,
	"2019-02": 0.19367054742341494,
	"2019-03": 0.1961483954196307,
	"2019-04": 0.18620272051926143,
	"2019-05": 0.19485752943005158,
	"2019-06": 0.2008848768935707,
	"2019-07": 0.1979295069277822,
	"2019-08": 0.19449074171720226,
	"2019-09": 0.19565868417631532,
	"2019-10": 0.19384900029521948,
	"2019-11": 0.20484920946194776,
	"2019-12": 0.20015248485598203
}